repeat,case,mode,scale,step_mean_us,scene_mean_us,raster_mean_us,vector_mean_us,step_p95_us,scene_p95_us,raster_p95_us,vector_p95_us,peak_parcels,bursts,capacity_ticks
0,gentle,off,1,12.706,20.375,109.378,394.726,15.770,22.102,116.179,441.384,51,0,0
0,gentle,lively,1,12.790,20.403,108.566,403.021,15.790,22.102,116.180,451.874,51,0,0
0,gentle,lively-seed-7,1,12.793,20.308,108.934,401.473,15.830,22.041,116.951,449.800,51,0,0
0,gentle,off,2,12.698,20.444,260.021,402.609,15.760,22.162,272.545,451.374,51,0,0
0,gentle,lively,2,12.781,20.516,262.737,402.558,15.870,22.232,278.296,450.873,51,0,0
0,gentle,lively-seed-7,2,12.761,20.392,257.708,403.015,15.860,22.112,269.320,452.306,51,0,0
0,opposed,off,1,11.953,21.025,158.380,412.696,14.928,22.403,179.570,433.620,45,0,0
0,opposed,lively,1,12.254,20.979,158.937,412.552,15.399,22.363,180.050,436.606,49,20,0
0,opposed,lively-seed-7,1,12.316,21.117,160.191,418.111,15.379,22.683,181.493,440.083,49,16,0
0,opposed,off,2,12.147,21.428,376.657,419.851,15.198,22.874,429.372,441.686,45,0,0
0,opposed,lively,2,12.398,21.374,378.181,418.368,15.619,22.813,433.951,443.378,49,20,0
0,opposed,lively-seed-7,2,12.555,21.345,378.557,420.164,15.730,22.963,429.162,441.936,49,16,0
0,heavy,off,1,11.920,28.440,244.821,393.820,15.089,35.968,305.087,431.286,43,0,0
0,heavy,lively,1,12.270,27.928,245.914,400.449,15.569,35.427,308.383,431.837,49,23,0
0,heavy,lively-seed-7,1,12.326,28.960,247.089,401.332,15.660,35.747,310.167,433.751,48,18,0
0,heavy,off,2,12.091,28.509,573.757,396.028,15.229,35.447,723.890,432.749,43,0,0
0,heavy,lively,2,12.557,27.966,577.053,401.394,15.950,35.207,728.939,429.032,49,23,0
0,heavy,lively-seed-7,2,12.531,28.674,576.581,401.095,15.840,36.278,727.456,432.297,48,18,0
0,wall-right,off,1,12.110,23.700,119.927,255.870,15.269,28.243,130.537,270.281,37,0,0
0,wall-right,lively,1,12.396,24.630,119.896,256.943,15.810,29.065,131.168,274.319,46,17,0
0,wall-right,lively-seed-7,1,12.278,25.087,119.861,256.265,15.679,29.506,131.629,274.971,43,13,0
0,wall-right,off,2,12.048,24.015,290.473,254.507,15.349,29.295,318.322,273.547,37,0,0
0,wall-right,lively,2,12.481,25.227,292.733,258.297,16.021,29.857,320.457,274.860,46,17,0
0,wall-right,lively-seed-7,2,12.238,25.165,291.592,252.011,15.670,30.017,320.296,268.307,43,13,0
0,wall-left,off,1,12.136,22.834,117.366,255.044,15.389,26.340,128.754,274.289,37,0,0
0,wall-left,lively,1,12.837,23.757,120.017,259.508,16.281,27.291,131.999,277.315,46,17,0
0,wall-left,lively-seed-7,1,12.422,23.176,120.300,257.365,15.860,26.420,131.519,275.150,43,13,0
0,wall-left,off,2,12.284,23.036,291.464,256.273,15.680,26.130,319.464,275.471,37,0,0
0,wall-left,lively,2,12.695,23.649,292.714,258.735,16.201,27.261,322.270,275.842,46,17,0
0,wall-left,lively-seed-7,2,12.753,23.549,291.709,257.981,16.290,26.671,320.396,276.022,43,13,0
0,unequal,off,1,13.737,28.607,218.450,408.092,16.892,36.068,275.892,432.377,56,0,0
0,unequal,lively,1,14.183,28.927,220.619,407.444,17.794,36.659,280.671,435.965,59,20,0
0,unequal,lively-seed-7,1,13.970,28.515,218.982,406.108,17.593,36.219,278.847,432.578,58,16,0
0,unequal,off,2,13.995,28.957,499.711,406.702,17.484,37.010,631.755,432.027,56,0,0
0,unequal,lively,2,14.357,28.952,500.060,406.560,18.024,36.579,634.811,434.091,59,20,0
0,unequal,lively-seed-7,2,14.107,28.969,499.023,406.103,17.693,37.041,634.680,432.488,58,16,0
0,wide,off,1,12.698,17.533,157.581,340.403,15.940,22.303,206.110,452.466,70,0,0
0,wide,lively,1,13.155,17.949,159.585,343.442,16.943,22.814,209.426,456.964,71,17,0
0,wide,lively-seed-7,1,13.272,17.886,159.300,344.301,16.932,22.542,209.286,455.372,73,14,0
0,wide,off,2,12.939,17.788,369.902,340.339,16.511,22.723,474.828,452.686,70,0,0
0,wide,lively,2,13.420,18.179,373.360,344.017,17.392,23.224,480.188,457.365,71,17,0
0,wide,lively-seed-7,2,13.468,18.149,373.358,346.053,17.253,23.264,482.323,458.397,73,14,0
1,gentle,lively-seed-7,1,13.093,20.125,110.143,403.329,16.340,21.971,116.801,447.526,51,0,0
1,gentle,lively,1,12.684,20.023,108.815,397.907,15.730,21.762,115.659,447.135,51,0,0
1,gentle,off,1,12.692,19.937,108.981,399.620,15.700,21.711,115.298,447.997,51,0,0
1,gentle,lively-seed-7,2,12.793,20.049,258.421,398.940,15.850,21.862,271.804,447.948,51,0,0
1,gentle,lively,2,12.666,20.052,259.516,399.604,15.740,21.841,276.462,448.809,51,0,0
1,gentle,off,2,12.658,20.094,257.698,397.842,15.730,21.891,269.800,444.651,51,0,0
1,opposed,lively-seed-7,1,12.224,20.797,157.155,414.999,15.359,22.453,178.377,437.648,49,16,0
1,opposed,lively,1,12.167,20.745,156.847,411.839,15.349,22.412,177.506,434.802,49,20,0
1,opposed,off,1,11.910,20.821,156.501,414.552,14.958,22.372,177.105,437.868,45,0,0
1,opposed,lively-seed-7,2,12.416,21.144,371.015,416.683,15.640,22.843,422.670,438.349,49,16,0
1,opposed,lively,2,12.376,21.085,370.257,413.399,15.540,22.873,421.958,435.754,49,20,0
1,opposed,off,2,12.127,21.143,369.820,415.588,15.179,22.804,421.668,438.489,45,0,0
1,heavy,lively-seed-7,1,12.279,28.412,244.797,397.414,15.609,36.399,307.531,427.278,48,18,0
1,heavy,lively,1,12.228,28.470,243.490,395.347,15.530,36.338,305.748,426.556,49,23,0
1,heavy,off,1,11.963,28.673,241.610,391.173,15.048,36.910,302.322,427.008,43,0,0
1,heavy,lively-seed-7,2,12.500,28.792,578.557,398.317,15.790,36.800,730.732,429.913,48,18,0
1,heavy,lively,2,12.440,28.429,578.498,396.818,15.800,36.199,731.614,427.569,49,23,0
1,heavy,off,2,12.088,28.990,572.968,392.955,15.259,37.050,725.633,430.855,43,0,0
1,wall-right,lively-seed-7,1,12.187,24.639,119.600,253.844,15.439,29.496,131.498,272.466,43,13,0
1,wall-right,lively,1,12.302,25.123,119.922,252.478,15.639,29.756,131.880,267.476,46,17,0
1,wall-right,off,1,11.804,25.183,118.246,249.496,14.969,30.247,130.346,268.227,37,0,0
1,wall-right,lively-seed-7,2,12.174,25.298,291.828,253.445,15.449,30.117,322.349,271.253,43,13,0
1,wall-right,lively,2,12.384,25.174,292.155,255.293,15.699,29.797,321.308,271.453,46,17,0
1,wall-right,off,2,11.949,25.251,290.157,250.735,15.279,30.177,319.234,269.710,37,0,0
1,wall-left,lively-seed-7,1,12.430,23.622,118.892,257.023,15.760,26.901,131.258,275.401,43,13,0
1,wall-left,lively,1,12.508,23.833,119.589,259.348,15.890,27.191,131.709,276.503,46,17,0
1,wall-left,off,1,12.172,23.101,118.511,255.353,15.339,26.390,130.337,274.569,37,0,0
1,wall-left,lively-seed-7,2,12.585,23.851,292.564,257.927,15.920,27.232,321.609,275.721,43,13,0
1,wall-left,lively,2,12.737,24.079,292.269,259.150,16.171,27.643,323.512,275.912,46,17,0
1,wall-left,off,2,12.179,23.130,290.776,255.133,15.439,26.450,319.845,273.728,37,0,0
1,unequal,lively-seed-7,1,13.817,28.096,218.146,403.623,17.352,35.407,277.575,431.265,58,16,0
1,unequal,lively,1,13.891,28.185,218.745,410.028,17.313,35.116,279.138,436.646,59,20,0
1,unequal,off,1,13.487,28.578,217.004,408.301,16.771,36.469,275.531,433.850,56,0,0
1,unequal,lively-seed-7,2,14.200,28.768,501.305,411.320,17.763,36.770,637.136,438.960,58,16,0
1,unequal,lively,2,14.259,28.871,500.386,412.446,17.874,36.439,636.724,440.433,59,20,0
1,unequal,off,2,13.755,29.071,496.358,410.006,17.232,37.100,630.041,436.215,56,0,0
1,wide,lively-seed-7,1,13.212,18.020,158.977,350.545,16.702,22.753,209.275,464.128,73,14,0
1,wide,lively,1,13.242,17.980,158.781,349.997,16.952,22.833,208.144,465.931,71,17,0
1,wide,off,1,13.010,17.836,159.295,346.982,16.662,23.525,211.490,479.306,70,0,0
1,wide,lively-seed-7,2,13.710,18.218,377.404,344.278,17.934,23.474,486.320,455.091,73,14,0
1,wide,lively,2,13.499,18.067,376.609,347.548,17.473,23.103,483.865,463.156,71,17,0
1,wide,off,2,13.226,17.929,383.446,340.939,17.042,23.074,506.058,455.001,70,0,0
2,gentle,off,1,12.801,19.989,113.281,399.828,15.900,21.640,123.624,450.132,51,0,0
2,gentle,lively,1,13.009,19.921,113.980,398.890,16.130,21.571,123.924,447.696,51,0,0
2,gentle,lively-seed-7,1,12.884,20.036,113.259,399.259,16.151,21.702,121.430,446.965,51,0,0
2,gentle,off,2,12.839,20.086,267.101,401.957,15.990,21.831,278.507,450.161,51,0,0
2,gentle,lively,2,12.936,20.218,263.692,404.084,16.181,22.022,276.173,453.748,51,0,0
2,gentle,lively-seed-7,2,12.841,20.140,272.958,401.302,16.021,21.922,316.398,451.003,51,0,0
2,opposed,off,1,12.115,20.877,159.727,414.773,15.269,22.663,179.980,440.904,45,0,0
2,opposed,lively,1,12.370,20.791,160.866,413.885,15.679,22.563,181.783,435.163,49,20,0
2,opposed,lively-seed-7,1,12.520,20.981,161.864,419.899,15.870,22.623,183.618,443.058,49,16,0
2,opposed,off,2,12.270,21.335,382.622,416.175,15.499,22.994,427.389,436.896,45,0,0
2,opposed,lively,2,12.517,21.217,390.317,414.229,15.830,23.064,463.306,438.910,49,20,0
2,opposed,lively-seed-7,2,12.743,21.524,386.577,421.239,16.020,23.254,437.758,447.216,49,16,0
2,heavy,off,1,12.264,28.642,246.598,393.754,15.659,36.960,307.832,429.242,43,0,0
2,heavy,lively,1,12.519,27.712,247.227,394.070,16.120,35.337,309.906,424.263,49,23,0
2,heavy,lively-seed-7,1,12.594,28.221,248.523,397.020,16.121,36.168,310.718,429.712,48,18,0
2,heavy,off,2,12.375,29.105,589.015,394.342,15.780,37.301,744.347,433.770,43,0,0
2,heavy,lively,2,12.786,28.682,592.245,396.649,16.441,36.980,748.446,426.947,49,23,0
2,heavy,lively-seed-7,2,12.918,29.399,600.901,397.457,16.482,38.252,797.909,426.967,48,18,0
2,wall-right,off,1,11.869,24.553,118.924,251.449,15.138,30.137,130.767,270.281,37,0,0
2,wall-right,lively,1,12.246,24.835,120.176,253.127,15.550,29.406,133.212,270.411,46,17,0
2,wall-right,lively-seed-7,1,12.097,24.695,119.280,254.598,15.339,29.546,131.429,272.546,43,13,0
2,wall-right,off,2,11.950,24.919,291.285,253.091,15.138,30.167,319.164,272.265,37,0,0
2,wall-right,lively,2,12.467,25.780,292.949,253.752,15.890,30.448,322.090,269.910,46,17,0
2,wall-right,lively-seed-7,2,12.337,25.599,292.536,255.298,15.680,30.297,321.569,272.816,43,13,0
2,wall-left,off,1,12.252,22.823,118.999,256.549,15.500,26.470,130.707,276.303,37,0,0
2,wall-left,lively,1,12.591,23.814,120.102,259.831,16.001,27.432,132.059,276.924,46,17,0
2,wall-left,lively-seed-7,1,12.541,23.539,120.218,259.285,15.950,26.811,132.541,277.445,43,13,0
2,wall-left,off,2,12.284,23.245,290.623,256.959,15.610,26.490,319.384,276.002,37,0,0
2,wall-left,lively,2,12.779,24.042,292.103,260.070,16.281,27.542,321.308,276.893,46,17,0
2,wall-left,lively-seed-7,2,12.543,23.681,291.562,259.146,15.960,27.001,319.895,277.064,43,13,0
2,unequal,off,1,13.593,28.332,216.873,405.389,17.062,35.998,275.341,431.326,56,0,0
2,unequal,lively,1,13.986,27.797,218.758,407.361,17.503,34.957,278.947,434.522,59,20,0
2,unequal,lively-seed-7,1,13.976,28.182,218.984,406.479,17.553,35.808,279.047,432.909,58,16,0
2,unequal,off,2,13.799,28.795,498.911,405.335,17.193,36.770,631.945,431.626,56,0,0
2,unequal,lively,2,14.383,28.646,504.178,409.302,18.074,36.188,643.808,437.097,59,20,0
2,unequal,lively-seed-7,2,14.158,28.846,501.213,407.054,17.843,37.030,637.175,434.912,58,16,0
2,wide,off,1,12.758,17.611,158.338,343.172,16.090,22.061,207.122,456.374,70,0,0
2,wide,lively,1,13.113,18.010,160.098,337.924,16.672,22.823,209.867,449.339,71,17,0
2,wide,lively-seed-7,1,13.216,17.989,160.273,341.906,16.722,22.903,210.538,451.945,73,14,0
2,wide,off,2,12.926,17.893,369.934,337.487,16.311,22.834,475.339,449.470,70,0,0
2,wide,lively,2,13.376,18.245,372.742,342.523,17.142,23.474,479.336,455.832,71,17,0
2,wide,lively-seed-7,2,13.450,18.186,373.336,343.667,17.132,23.124,481.080,455.402,73,14,0
